日付,公開日,タイトル,URL,PV,スキ数,コメント数,文字数
2026-05-08,2026-01-06,プロフィール:日銀⇒チーフストラテジスト⇒独立の理由,https://note.com/take832/n/n26bc467c9822,1357,128,0,
2026-05-08,2026-03-06,イラン停戦報道の裏に潜む「保険の壁」。原油高騰が止まらない本当の理由,https://note.com/take832/n/na2e615afb974,1078,58,0,
2026-05-08,2026-01-19,『レートチェック』で分かる為替介入の前兆と、為替介入の有無を知る方法,https://note.com/take832/n/n1a23f5875c45,904,7,0,
2026-05-08,2026-03-07,日経インタビュー記事：長期金利「2.5%程度が上限に」元野村証券ストラテジストの中島氏,https://note.com/take832/n/n34288aad9db3,677,89,0,
2026-05-08,2026-03-13,日本の石油依存は36%に減った、なのに「中東依存」は94%に増えたという不都合な真実,https://note.com/take832/n/n3e8e88d4cc3b,625,39,0,
2026-05-08,2026-04-03,プロ投資家の半数が読み違えた？「中東紛争の早期終息」期待が裏切られる理由,https://note.com/take832/n/n14529a3be358,621,32,0,
2026-05-08,2026-04-06,イラン紛争で原油高騰――「スタグフレーション」になったら、政府はどう動く？【米国の失敗に学ぶ】(1),https://note.com/take832/n/nf2ad7f2f5a54,578,32,0,
2026-05-08,2026-04-05,スタグフレーション入りしたら、日銀は何%まで利上げするか：スタグフレーション(2),https://note.com/take832/n/n4c2a5379bb37,556,26,1,
2026-05-08,2026-02-12,【投資の罠】「情報を集めるほど勝てる」は嘘だった。元日銀ストラテジストが辿り着いた「情報の断捨離」,https://note.com/take832/n/n3b149f94002b,555,89,0,
2026-05-08,2026-04-14,【オルカン保有者必見】株価下落はいつ来る？OECD景気先行指数で読み解く「売り時」,https://note.com/take832/n/nf20f86e727f9,555,37,0,
2026-05-08,2026-03-09,現在のプライベートクレジット問題が、リーマンショックと共通する点、異なる点,https://note.com/take832/n/n97f583b7e573,547,21,0,
2026-05-08,2026-05-01,【検証】ハト派的な日銀会合の後に、なぜ為替介入が続くのか,https://note.com/take832/n/nc3703adbb572,544,28,0,
2026-05-08,2026-04-30,【銀行員・証券マン必見】年初来、韓国株の上昇率がエヌビディアの5倍に──AI相場の序列逆転,https://note.com/take832/n/n0bba082203d2,537,27,0,
2026-05-08,2026-03-31,【日銀主な意見】中東の混乱が継続しても、4月利上げの可能性,https://note.com/take832/n/n8c513e26311d,531,23,0,
2026-05-08,2026-04-12,"イラン停戦でも原油は史上最高値144ドル！？『ダテッド・ブレント』が示す""本物""の原油価格",https://note.com/take832/n/n0c0bf3283f0c,517,20,0,
2026-05-08,2026-04-23,「高金利通貨への投資の落とし穴」から学ぶ5つの教訓,https://note.com/take832/n/n9da3a5889191,517,31,0,
2026-05-08,2026-03-21,日銀、4月利上げは本当にあるのか？――植田総裁会見『6つの発言』を冷静に読み解く,https://note.com/take832/n/n9ab8c8a0e2e2,514,22,0,
2026-05-08,2026-04-24,【一言で説明できますか？】金利が上がると、債券価格が下がる理由,https://note.com/take832/n/nd738c931db03,507,25,0,
2026-05-08,2026-04-04,日本がスタグフレーション入りする確率は約50%！？：スタグフレーション(1),https://note.com/take832/n/n692caa876d16,504,18,0,
2026-05-08,2026-03-26,日経平均はどこまで下がるか？「5万円 or 3.5万円」ーー理論値からの試算,https://note.com/take832/n/na4f72767ed4c,503,33,0,
2026-05-08,2026-04-15,鉄鋼・非鉄が1カ月で+17%、自動車はほぼ横ばい——セクター格差が語る2026年春の日本株,https://note.com/take832/n/n01c325a751f4,500,34,1,
2026-05-08,2026-04-28,【銀行員・証券マン必見】「日経平均6万円、どう思う？」と聞かれたら,https://note.com/take832/n/nc3d6e2099d83,499,43,1,
2026-05-08,2026-04-13,【独自試算】日本の10年金利が「1998年以来の水準」に急上昇した本当の理由,https://note.com/take832/n/ndef19e59078a,496,32,0,
2026-05-08,2026-03-10,AI起点の世界的株価暴落シナリオ：過剰期待とマクロ経済が引き起こす連鎖的ショック,https://note.com/take832/n/nb03df1e6c8a9,493,31,0,
2026-05-08,2026-04-11,【動画解説：知らないと人生を18年失う】世界最高のトレーダーが4度破産した理由,https://note.com/take832/n/na070f9bac8ae,491,24,0,
2026-05-08,2026-04-17,【検証】購買力平価は成り立っている？ ドル円、ユーロドル、ユーロ円,https://note.com/take832/n/nf37ba843b03d,491,28,1,
2026-05-08,2026-03-08,リーマンショックの再来？プライベートクレジットの無価値化から読み解く信用収縮（クレジット・クランチ）の予兆,https://note.com/take832/n/n041ccac187b1,490,22,0,
2026-05-08,2026-04-19,「給料◯万円アップ」のニュースをよく見るのに、なぜ生活は楽にならないのか？——データで見る、日本の実質賃金30年横ばいの正体,https://note.com/take832/n/n82fbd230b6fb,488,29,1,
2026-05-08,2026-04-16,2026年春、最強通貨はスイスフラン、最弱は日本円。鍵は「原油」,https://note.com/take832/n/n4d9c3656d6b8,487,33,0,
2026-05-08,2026-03-23,日銀の次の一手が読めるようになる|「中立金利」から探る利上げの到達点と、「中立金利の再推計」の重要性,https://note.com/take832/n/n988bd0e9bbeb,483,23,0,
2026-05-08,2026-04-02,プロの債券投資家による日銀利上げ時期は4月から6月に後退したが…,https://note.com/take832/n/nea3e9588e461,482,14,0,
2026-05-08,2026-03-24,「自然利子率」は「中立金利」とどう違う？日銀の利上げを読み解く必須知識,https://note.com/take832/n/n28c0e3c1be6e,479,22,0,
2026-05-08,2026-04-10,【スタグフレーション】米国15%、日本8%。第二次オイルショックで明暗が分かれた本当の理由,https://note.com/take832/n/n5b9868b7fdd9,474,26,0,
2026-05-08,2026-03-29,【3月27日公表】日銀企画局の「自然利子率」最新推計から、今後の利上げを考える(1),https://note.com/take832/n/nb8e9d501249f,473,16,1,
2026-05-08,2026-04-09,日銀、日本政府は狂乱物価をどう退治したか？日本の「理想的な対応」,https://note.com/take832/n/n8c2bce59b161,469,18,0,
2026-05-08,2026-04-20,FX理論、「金利平価」には2種類ある——「カバー付き」と「カバーなし」の決定的な違い,https://note.com/take832/n/n09d2f3415202,465,26,1,
2026-05-08,2026-03-16,【衝撃の事実】1973年に日本を襲った狂乱物価、その真犯人はオイルショック「ではない」,https://note.com/take832/n/n0a32d2b37a51,459,22,0,
2026-05-08,2026-03-27,日本株を買うのはまだ早い？海外勢の4.2兆円売り越しが示すシグナル,https://note.com/take832/n/n32b2ebc73d87,451,28,1,
2026-05-08,2026-04-21,【FX理論】なぜカバーなし金利平価（UIP）は成立しないのか——裁定が効かない世界の話,https://note.com/take832/n/n0a8fb7b4dbc3,450,17,0,
2026-05-08,2026-03-25,日銀の次の一手を読み解く「テイラールール」を分かりやすく解説,https://note.com/take832/n/n4f933e76cfab,449,18,2,
2026-05-08,2026-03-17,「狂乱物価」の再来はあるか？ 1973年との決定的違い。日銀・財政から読み解く、投資家の備え,https://note.com/take832/n/na71f42cddc29,448,13,0,
2026-05-08,2026-03-22,日銀利上げ時期に関する、最新の市場予想まとめと、日銀の「新フェーズ入り」について,https://note.com/take832/n/n9758e5c07488,448,17,0,
2026-05-08,2026-05-03,女性のほうが運用がうまい?若年層のほうが儲けている?——JPX論文の読み方,https://note.com/take832/n/n2cd2cb338865,447,26,0,
2026-05-08,2026-04-26,「高金利通貨を買えば儲かる？」と顧客に聞かれたら？｜南アランドの10年検証,https://note.com/take832/n/n2807c9dd3129,444,14,0,
2026-05-08,2026-02-11,"日銀ETFの売却、実は財政にとって""救世主""：国債の半分を日銀が持っていることは、財政にとってプラス？(6)",https://note.com/take832/n/ne368a2fa270a,440,32,5,
2026-05-08,2026-03-03,オイルショックから半世紀。なぜ我々は再び『ホルムズ海峡』に注目するのか,https://note.com/take832/n/n10250518f9d6,436,11,0,
2026-05-08,2026-03-28,【解説動画】株で儲けたいなら、チャートはみるな！？,https://note.com/take832/n/n95691a2cd6aa,433,11,0,
2026-05-08,2026-05-02,【銀行員・証券マン必見】4/30の為替介入は5兆円規模、の計算方法,https://note.com/take832/n/n8c9e4011a8f5,431,11,0,
2026-05-08,2026-04-07,スタグフレーションの病を治したボルカーの大手術【米国の失敗に学ぶ】(2),https://note.com/take832/n/n973d29c2cc43,430,18,0,
2026-05-08,2026-04-01,【意外！】中東の混乱が長期化したら、日銀はどう対応するか？【主な意見・2026年3月より】,https://note.com/take832/n/n5d3a3bd52279,428,20,0,
2026-05-08,2026-03-30,自然利子率に関する日銀の悩み：【3月27日公表】日銀企画局の「自然利子率」最新推計から、今後の利上げを考える(2),https://note.com/take832/n/nde922c97c861,427,14,0,
2026-05-08,2026-01-28,実は、日本の財政状況は改善しているという話（1）― プライマリーバランス編,https://note.com/take832/n/n7d18a6cb8ce4,423,35,1,
2026-05-08,2026-03-05,【最終回】植田日銀の「緻密な地ならし」を読み解く：0.75%の先にある「日本経済の実力」｜データで追う日銀政策の軌跡 (9),https://note.com/take832/n/n94831d3a60b0,417,14,0,
2026-05-08,2026-03-01,2つの火種を抱えるブラジル株・インフレ編|トランプ政権「ドンロー主義」から考える株式投資(6),https://note.com/take832/n/n14973c9ae226,415,20,0,
2026-05-08,2026-04-08,1970年代、狂乱物価はなぜ起きた？ 日本のインフレ率が米国の2倍に達した背景【スタグフレーション】,https://note.com/take832/n/nd0566686e466,415,20,0,
2026-05-08,2026-03-14,「3つの原油防衛線」――石油備蓄254日の内実から読み解く、日本経済の「耐性」,https://note.com/take832/n/n071c66bf8f55,413,27,0,
2026-05-08,2026-04-18,【検証】「金利平価」は成り立っている？ 為替を動かすもう一つの力とキャリートレードについて,https://note.com/take832/n/n64af61fe42f3,411,24,0,
2026-05-08,2026-03-20,日銀はいつ、何%まで利上げするのか？――高田委員と田村委員の「反対票」から読み解く,https://note.com/take832/n/nc5b5aaec0981,405,14,0,
2026-05-08,2026-03-31,日銀は1.5%まで利上げか？：【3月27日公表】日銀企画局の「自然利子率」最新推計から、今後の利上げを考える(3),https://note.com/take832/n/n3fc55bfa09cc,405,10,0,
2026-05-08,2026-03-02,2つの火種を抱えるブラジル株・政治編|トランプ政権「ドンロー主義」から考える株式投資(7),https://note.com/take832/n/n6422b493a19e,400,17,0,
2026-05-08,2026-02-05,【意外!】市場は衆院選がどうなろうと、円安＆金利上昇を想定？,https://note.com/take832/n/nb31b71ccd638,399,53,0,
2026-05-08,2026-03-11,トランプ氏の終戦宣言で原油価格急落（120ドル→80ドル）の衝撃。原油価格は「急落」も、価格の再上昇につながり得る3つの材料,https://note.com/take832/n/nca2689e70d75,399,24,0,
2026-05-08,2026-02-25,日銀、今年7月以降は「利上げしにくく」なる？ 新審議委員人事から読み解く利上げの行方,https://note.com/take832/n/n1bd09b9bfc40,394,27,0,
2026-05-08,2026-03-15,"ホルムズ海峡は""200日超も封鎖？""--IEAの原油放出でも原油価格高止まりの意味",https://note.com/take832/n/n7dcb2ec68bac,391,23,0,
2026-05-08,2026-02-06,【寄稿文】「金利上昇は日銀要因でほぼ説明可能、財政は改善方向」,https://note.com/take832/n/n8413799b8019,388,32,0,
2026-05-08,2026-02-28,日銀総裁として、植田氏が選ばれた理由｜データで追う日銀政策の軌跡 (6),https://note.com/take832/n/n234c51adf69a,388,22,0,
2026-05-08,2026-05-01,【動画解説|銀行員・証券マン必見】「金利が上がると債券価格が下がる」理由は、「iPhoneと同じ？」,https://note.com/take832/n/n0c22cb9fb2bf,387,14,0,
2026-05-08,2026-03-03,植田総裁と大規模緩和の「手じまい」・YCC&国債買い入れ｜データで追う日銀政策の軌跡 (7),https://note.com/take832/n/n14591522443c,386,17,0,
2026-05-08,2026-03-04,マイナス金利解除に向けて～植田総裁と大規模緩和の「手じまい」｜データで追う日銀政策の軌跡 (8),https://note.com/take832/n/n28e2bbc8b6ca,385,17,0,
2026-05-08,2026-02-10,ETF配当金の威力：国債の半分を日銀が持っていることは、財政にとってプラス？(5),https://note.com/take832/n/n7ed82133d4e0,383,28,0,
2026-05-08,2026-05-07,【銀行員・証券マン必見】GW期間中、円高なのに日経平均は最高値更新の理由,https://note.com/take832/n/ne4a96bafa332,383,24,0,
2026-05-08,2026-02-08,今、日銀への国債利子は、国ではなく●●に渡されている：国債の半分を日銀が持っていることは、財政にとってプラス？(3),https://note.com/take832/n/nd9a01e269ea0,380,24,3,
2026-05-08,2026-02-10,【独自試算】10年後は今より「20円」も円安？ 理論値から考えるドル円の未来,https://note.com/take832/n/n78b440f1f0b3,380,17,0,
2026-05-08,2026-04-29,【4月日銀会合解説】利上げ票3票・ハト的記者会見・政治圧力——3つのねじれを顧客にどう説明するか,https://note.com/take832/n/n7759e5a45a14,373,25,0,
2026-05-08,2026-02-22,なぜラテンアメリカ株はS&P500を超えたのか？ トランプ政権「ドンロー主義」から考える株式投資(1),https://note.com/take832/n/na99e42154a8e,371,32,0,
2026-05-08,2026-02-15,日銀は「売ってない」のに、なぜ世の中のお金は減る？――プロも知らない「資金回収」のカラクリ：分かりやすい日銀政策(4),https://note.com/take832/n/na387e3272a41,366,15,0,
2026-05-08,2026-03-18,2026年3月、原油価格が急上昇した「もう一つの理由」――サイクルから読み解く原油の行方,https://note.com/take832/n/nf712b5dce4fb,362,19,0,
2026-05-08,2026-02-09,【衆院選アノマリー】2月中に日経平均は6万円へ？,https://note.com/take832/n/n375245a688ab,359,35,0,
2026-05-08,2026-03-12,イランの件がなければ、原油価格はどうなっていたか～需給から考える原油市場～,https://note.com/take832/n/n63afab972559,354,21,0,
2026-05-08,2025-12-10,【日銀調査】日本の10年金利はそろそろ天井？市場の織り込み、銀行株への示唆,https://note.com/take832/n/n9264aff05550,348,26,0,
2026-05-08,2026-02-12,2025年から日銀の「お金の供給」が減少。景気とインフレはどうなる？：分かりやすい日銀政策(1),https://note.com/take832/n/n6031c9bd84af,346,20,0,
2026-05-08,2026-02-16,日銀、利上げなら4兆円の赤字転落？それでも…｜日銀が倒産しない理由(1),https://note.com/take832/n/n489b13c4565e,344,18,1,
2026-05-08,2026-03-19,ドルを160円で買って、儲かるのか？～キャリートレードからの考察,https://note.com/take832/n/na86772c5049d,344,19,0,
2026-05-08,2026-02-14,日銀が「売却せずに」国債保有額を減らすカラクリ｜分かりやすい日銀政策(3),https://note.com/take832/n/n663419f2a81c,342,21,1,
2026-05-08,2026-02-23,2020年、コロナ禍で日銀が「国債買入れ」ではなく「新型コロナオペ」を選んだ理由｜データで追う日銀政策の軌跡 (4),https://note.com/take832/n/nc37e6932b151,340,18,0,
2026-05-08,2026-02-23,S&Pに圧勝。ラテンアメリカ株への投資法【投資信託編】 |トランプ政権「ドンロー主義」から考える株式投資(2),https://note.com/take832/n/n63316a98252e,335,14,0,
2026-05-08,2026-02-26,YCCと指値オペの歴史(2016～2024年)｜データで追う日銀政策の軌跡 (5),https://note.com/take832/n/nb6697d5735b0,334,22,3,
2026-05-08,2026-02-18,「日銀破綻」は本当に起きるのか？ 利上げによる赤字と倒産しない3つの理由を徹底解説｜日銀が倒産しない理由(3),https://note.com/take832/n/nc9ed7f9009d9,333,21,4,
2026-05-08,2026-02-14,【実データで独自検証】プロの株価予想は正答率何%？→これを踏まえた投資法,https://note.com/take832/n/nc63bf010932b,330,14,0,
2026-05-08,2026-02-19,【独自試算】私たちがGoogleに払ったドルを、外国人観光客が取り戻してくれている話,https://note.com/take832/n/n9f73bb90d8ba,329,16,0,
2026-05-08,2026-02-04,米10年金利とドル円の行方──QUICK調査をもとに分析する,https://note.com/take832/n/ndb2dce04911f,325,29,0,
2026-05-08,2026-02-21,なぜ日銀は国債の「爆買い」を止めたのか？ 限界を迎えた量的緩和とYCCの誕生｜データで追う日銀政策の軌跡 (2),https://note.com/take832/n/ndbd6d785431e,323,23,0,
2026-05-08,2026-02-24,S&Pに圧勝。ラテンアメリカ株への投資法【ETF編】 |トランプ政権「ドンロー主義」から考える株式投資(3),https://note.com/take832/n/nf9ea5bf3a36a,323,15,0,
2026-05-08,2026-02-01,実は、日本の財政状況は改善しているという話（３）― 債務残高・GDP比 編 ,https://note.com/take832/n/n0c1211aa4c44,322,28,0,
2026-05-08,2026-01-15,投資小説：全財産をS&P500に突っ込んだ僕が、やっと気づいたこと(1),https://note.com/take832/n/n2c628b109f38,318,37,0,
2026-05-08,2026-02-03,機関投資家アンケート:日本の10年金利はどこまで上昇するか,https://note.com/take832/n/ncd01e8a99a0b,314,19,0,
2026-05-08,2026-02-16,【独自算出】「株価強弱指数」が危険水域に。データが教える日本株の次の一手,https://note.com/take832/n/n34946a903441,314,6,0,
2026-05-08,2026-02-27,ブラジル株上昇の背景 |トランプ政権「ドンロー主義」から考える株式投資(5),https://note.com/take832/n/n953dbf914685,313,16,2,
2026-05-08,2026-02-17,「日銀は赤字になったら倒産？」 そもそも倒産とは何か｜日銀が倒産しない理由(2),https://note.com/take832/n/nbbfe08fc6710,312,18,0,
2026-05-08,2026-04-26,【日銀が警鐘】中東・AI・プライベートクレジット——「3つ」を結ぶ「1本の見えない糸,https://note.com/take832/n/n6e5430497045,308,15,0,
2026-05-08,2025-12-04,世界の『不確実性』を一目で見る方法,https://note.com/take832/n/ncd96cbc2d4ab,305,49,1,
2026-05-08,2026-01-26,【日銀モデル+αで読み解く】なぜ日本の10年金利は2％台に？（1）,https://note.com/take832/n/n0f34c626a61e,304,29,0,
2026-05-08,2026-02-03,実は、日本の財政状況は改善しているという話（４）― 時々話題になる純債務残高について,https://note.com/take832/n/n3204d75b0aac,301,17,1,
2026-05-08,2026-02-07,日銀が国債を持つと借金がチャラに？：国債の半分を日銀が持っていることは、財政にとってプラス？(2),https://note.com/take832/n/nf8d25a73ab01,301,19,0,
2026-05-08,2025-12-26,図表で読む植田日銀──賃金と物価はどこまで来たか,https://note.com/take832/n/n1c97f1b557cc,298,32,1,
2026-05-08,2026-02-09,日銀は毎年2000億円を何に使っているか：国債の半分を日銀が持っていることは、財政にとってプラス？(4),https://note.com/take832/n/n025360e32ef2,294,24,0,
2026-05-08,2026-02-25,日本人がラテンアメリアに投資するということは、●●に投資するということ |トランプ政権「ドンロー主義」から考える株式投資(4),https://note.com/take832/n/n37d480c3d1de,292,18,0,
2026-05-08,2025-12-09,逆イールドが発生する２つの原因,https://note.com/take832/n/n0143740a4315,286,16,0,
2026-05-08,2026-02-02,【日銀モデル+αで読み解く】なぜ日本の10年金利は2％台に？（4）,https://note.com/take832/n/na1a89803c065,286,23,0,
2026-05-08,2026-02-02,【QUICK調査】日銀はいつ、何％まで利上げするか,https://note.com/take832/n/nf49040957bd9,285,20,0,
2026-05-08,2026-02-06,国債の半分を日銀が持っていることは、財政にとってプラスか？(1)：まずは現状整理,https://note.com/take832/n/n1c40a3ac4290,284,17,0,
2026-05-08,2026-01-04,投資小説：『波に生きる』(1)…投資では波を読むことが重要という話,https://note.com/take832/n/n74def6302f10,283,21,4,
2026-05-08,2025-12-11,FRB利下げ開始──「あと2回利下げ」が全くあてにならない理由,https://note.com/take832/n/n8c33e9fda1bf,281,25,2,
2026-05-08,2025-12-06,織り込み済の罠：日銀利上げは織り込み済なのに、なぜ長期金利が上昇？,https://note.com/take832/n/n11cbb2614f6e,280,27,1,
2026-05-08,2025-11-24,インフレで景気は良くなるか？,https://note.com/take832/n/n87b2cf899d98,278,97,1,
2026-05-08,2026-01-16,CISさんやテスタさんの投稿をみても投資が上達しないなぁ、と思う人へ(1),https://note.com/take832/n/n983893a5d7da,275,19,0,
2026-05-08,2026-02-22,YCC柔軟化と「おまけ」のガイダンス──2018～2019年、日銀が直面した限界と苦肉の策｜データで追う日銀政策の軌跡 (3),https://note.com/take832/n/nb83401b66c47,274,16,0,
2026-05-08,2026-01-16,投資小説：全財産をS&P500に突っ込んだ僕が、やっと気づいたこと(2),https://note.com/take832/n/n945f33dbf069,270,28,0,
2026-05-08,2026-01-29,【日銀モデル+αで読み解く】なぜ日本の10年金利は2％台に？（2）,https://note.com/take832/n/nc8a2afda8daa,270,24,0,
2026-05-08,2026-01-30,実は、日本の財政状況は改善しているという話（２）― 公債依存度編,https://note.com/take832/n/nbf3422d0d21a,270,23,0,
2026-05-08,2026-01-23,投資小説：全財産をS&P500に突っ込んだ僕が、やっと気づいたこと(9),https://note.com/take832/n/ndea392e524f4,267,25,0,
2026-05-08,2026-02-13,日銀が国債を買うと、お金の量が増える理由：分かりやすい日銀政策(2),https://note.com/take832/n/n88a29bda01b2,261,20,0,
2026-05-08,2026-01-12,アナリストが自分で株を買わない3つの理由,https://note.com/take832/n/nc88139d51f44,258,8,0,
2026-05-08,2026-01-24,1月23日に為替介入があったかどうかをいち早く知る方法,https://note.com/take832/n/na9e17a4335c5,257,8,0,
2026-05-08,2026-01-18,投資小説：全財産をS&P500に突っ込んだ僕が、やっと気づいたこと(4),https://note.com/take832/n/n1a7b93457e3b,256,20,0,
2026-05-08,2026-01-20,金価格が過去最高を更新中。その「本当の理由」を知っていますか？＆今後、GOLDを買うべきかについて,https://note.com/take832/n/n777201c0c845,256,9,0,
2026-05-08,2025-12-08,日本で逆イールドは起きるのか？,https://note.com/take832/n/n831fdea6eab1,255,15,0,
2026-05-08,2026-01-06,株価予想の基礎からサイクル理論まで――成功確率を上げる実践ガイド,https://note.com/take832/n/nc02bca79ea49,251,22,0,
2026-05-08,2025-11-22,レバレッジはNGか？株・FXと不動産の違い,https://note.com/take832/n/ne8f88117aaa7,249,23,0,
2026-05-08,2025-12-17,金利上昇で銀行株が上昇する本当の理由(2)…日銀預金,https://note.com/take832/n/nf4bea78e1e64,247,28,0,
2026-05-08,2026-01-11,投資小説：『波に生きる』(8)…見えない波、感じる羅針盤,https://note.com/take832/n/n3c1dc1cffb91,245,17,1,
2026-05-08,2025-12-19,金利上昇で銀行株が上昇する本当の理由(3)…長期金利が上がっても、銀行は儲からない。それでも銀行株が上がる理由,https://note.com/take832/n/n3dc519673a57,244,26,1,
2026-05-08,2026-01-06,「ゴールドマン、円は1ドル＝100円に回帰へ」から考える、フォワード為替の使い方,https://note.com/take832/n/ne18fca97bc9a,244,17,0,
2026-05-08,2026-01-06,一部無料：サイクル理論—2026年、米10年金利は一旦低下──今「買うべき資産」はこれだ,https://note.com/take832/n/n2714851d1c65,242,8,0,
2026-05-08,2026-01-17,投資小説：全財産をS&P500に突っ込んだ僕が、やっと気づいたこと(3),https://note.com/take832/n/n0b7c975ca93e,240,20,0,
2026-05-08,2025-12-22,日経平均はなぜ「最も予想が難しい株価」なのか,https://note.com/take832/n/n7b05400743b2,239,22,1,
2026-05-08,2025-12-03,OECD景気先行指数を使って株価を予想する方法,https://note.com/take832/n/n3403bc271673,238,13,0,
2026-05-08,2025-12-27,国債発行計画は年末最大のヒント｜2026年の金利をどう読むか,https://note.com/take832/n/n4a764cf089b7,238,20,0,
2026-05-08,2026-01-31,【日銀モデル+αで読み解く】なぜ日本の10年金利は2％台に？（3）,https://note.com/take832/n/n9bdfd45aeb3f,236,17,0,
2026-05-08,2025-12-16,金利上昇で銀行株が上昇する本当の理由(1)…預金追随率,https://note.com/take832/n/n670e9f7d076e,227,25,0,
2026-05-08,2026-01-02,2026年はどの日本株に投資すべきか：OECDレポートから考える,https://note.com/take832/n/nbc0c70f1c70d,225,31,1,
2026-05-08,2025-10-17,「個別株よりオルカンが安全」と言われる本当の理由をわかりやすく解説,https://note.com/take832/n/n7df16ea63ac0,223,78,0,
2026-05-08,2026-01-23,日銀展望レポート(26年1月)：日銀は利上げに対してより前向きに,https://note.com/take832/n/nfbd7579250cd,223,15,0,
2026-05-08,2025-10-23,【天才の戦略？？】ブル、ベアファンドの両建てで、株高でも株安でも勝てる？,https://note.com/take832/n/na06134cef2ba,219,4,0,
2026-05-08,2025-12-26,賃金を上げたいのに、なぜ日銀は利上げするのか,https://note.com/take832/n/nd0f29febc99f,218,22,0,
2026-05-08,2025-11-18,株に全振りしてはいけない2つの理由,https://note.com/take832/n/n80a8213e4610,216,27,2,
2026-05-08,2025-11-27,実は全然違う、アパート投資とREIT(リート),https://note.com/take832/n/n760a310a6ac8,215,18,0,
2026-05-08,2026-01-16,日経平均は6万円突破か、調整入りか？2026年の日本株を読み解く3つの視点,https://note.com/take832/n/n1b7e5c19ce17,215,6,0,
2026-05-08,2026-01-22,投資小説：全財産をS&P500に突っ込んだ僕が、やっと気づいたこと(8),https://note.com/take832/n/nda9ef0d4a4be,210,13,0,
2026-05-08,2026-01-14,ドル円は160円超えへ─ファンダ、市場予想、サイクルを踏まえた相場予想,https://note.com/take832/n/n51d2886688a4,209,12,0,
2026-05-08,2026-01-22,日本発の世界的金利ショックは起こるのか？,https://note.com/take832/n/n3e826c2a52e7,209,6,0,
2026-05-08,2025-12-01,いつ円安は修正されるか？過去の米利下げ期と今回の違い,https://note.com/take832/n/nfe7254053960,207,16,2,
2026-05-08,2026-05-08,【銀行員・証券マン必見】UAEがOPECを離脱した本当の理由——3層構造で読み解く,https://note.com/take832/n/n70a5e6e92764,205,12,0,
2026-05-08,2025-12-25,難しい分析は不要！巨大ファンドの動きに乗る『コバンザメ投資術』入門,https://note.com/take832/n/nc80d7c29b99f,204,23,3,
2026-05-08,2026-01-16,ベージュブック2026年1月版：米経済は改善基調へ、勝ち組セクターと投資戦略,https://note.com/take832/n/n1775a02df633,204,8,0,
2026-05-08,2025-12-20,日経平均が「10万円」に到達するシンプルな計算方法,https://note.com/take832/n/n61bb268ac1ab,203,24,0,
2026-05-08,2026-01-03,2026年はどの米国株に投資すべきか：OECDレポートから考える,https://note.com/take832/n/n5b299520457d,203,19,0,
2026-05-08,2026-01-05,投資小説：『波に生きる』(2)…「膨らんだのは、パンか欲か」,https://note.com/take832/n/n6f9348868d17,203,16,0,
2026-05-08,2026-01-23,日銀は政策を変更するか？実は、結果公表時刻がヒント。,https://note.com/take832/n/n38a4e0941d8f,203,16,0,
2026-05-08,2026-01-21,【2025年は絶好調】J-REIT投資、どこを見ればリターンが狙えるのか？,https://note.com/take832/n/ne7cd367c3d9a,202,7,0,
2026-05-08,2026-01-12,投資小説：『波に生きる』(9)…波を超えて,https://note.com/take832/n/n682ed8cc69fc,201,11,0,
2026-05-08,2026-01-10,投資小説：『波に生きる』(7)…陶酔から絶望へ ― 投資家の心模様,https://note.com/take832/n/n9ff04429d54a,197,18,0,
2026-05-08,2026-01-21,投資小説：全財産をS&P500に突っ込んだ僕が、やっと気づいたこと(7),https://note.com/take832/n/n05b6565356ff,196,21,1,
2026-05-08,2026-01-09,投資小説：『波に生きる』(6)…交差する波が描く、株のゆらぎ,https://note.com/take832/n/n991d47598777,193,13,0,
2026-05-08,2026-01-19,投資小説：全財産をS&P500に突っ込んだ僕が、やっと気づいたこと(5),https://note.com/take832/n/nb7814773593a,191,17,0,
2026-05-08,2025-11-21,円が弱いのか、ドルが強いのか：ドルインデックスで確認,https://note.com/take832/n/n1f0c88d90ef1,190,12,0,
2026-05-08,2026-03-20,日銀利上げを左右する2つのポイント：原油100ドルと円安160円|植田総裁発言はポジショントーク（円安けん制）なのか？,https://note.com/take832/n/n71a2f482acd7,188,7,0,
2026-05-08,2026-01-09,「2026年の米株は買い？売り？」サイクル理論で読む米株の未来,https://note.com/take832/n/nb3776ce72fb0,186,8,0,
2026-05-08,2026-01-08,一部無料：2032年までの原油価格を先読み！プロが教えるサイクル理論と勝てる投資先,https://note.com/take832/n/n3ab2c806d7ac,182,13,0,
2026-05-08,2025-12-24,投資家センチメントから考える2026年の株式市場,https://note.com/take832/n/n8b9a3fae393b,179,18,0,
2026-05-08,2026-01-13,投資小説：『波に生きる』最終章(10)…サイクルを味方に,https://note.com/take832/n/nd8e9bb459810,179,17,0,
2026-05-08,2025-11-28,各国の政策金利はコロナ前には戻らない…つまり円安は続きそう,https://note.com/take832/n/n62448550ba7e,173,16,2,
2026-05-08,2025-11-26,レイ・ダリオ氏、マルチストラテジー型のファンドに警鐘…そもそもマルチストラテジーって何でしょう？,https://note.com/take832/n/n5db39304b2c3,168,12,0,
2026-05-08,2025-12-30,国債はニュースより議事録を読め：市場が動く本当の理由,https://note.com/take832/n/n812a7a651e25,166,20,1,
2026-05-08,2025-11-14,GPIFはどの運用会社を推しているか：外国株・アクティブファンド編,https://note.com/take832/n/n67224931759a,165,7,0,
2026-05-08,2025-11-25,新しいお札（渋沢栄一）への切り替えはまだ3割…切り替えの遅れは、キャッシュレス化だけが原因ではない,https://note.com/take832/n/nef953a48adbf,165,13,1,
2026-05-08,2025-11-12,世界最大の運用機関：GPIF流・ファンドの選び方,https://note.com/take832/n/nda68926d29ac,160,6,0,
2026-05-08,2025-11-20,日米の財政は危機的状況にあるのか？　～CDSで確認～,https://note.com/take832/n/n72f96bc413bd,157,10,0,
2026-05-08,2026-01-07,投資小説：『波に生きる』(4)…金利の体温計,https://note.com/take832/n/n8bcbadf808a6,157,15,0,
2026-05-08,2026-01-08,投資小説：『波に生きる』(5)…揺れる通貨、走る感情,https://note.com/take832/n/n1deb90f00507,157,16,0,
2026-05-08,2026-01-01,2026年、投資家はどう動くべきか？OECD経済見通しから考察,https://note.com/take832/n/n65860e96555f,156,20,0,
2026-05-08,2026-01-20,衆院選は株高のシグナル？──政策・海外勢・日銀動向から見る相場見通し,https://note.com/take832/n/n414defbc853a,156,6,0,
2026-05-08,2026-01-20,投資小説：全財産をS&P500に突っ込んだ僕が、やっと気づいたこと(6),https://note.com/take832/n/n8ad29f2fae0b,153,14,0,
2026-05-08,2025-12-21,オルカン・FX・個別株…結局どれが儲かりやすいのか？,https://note.com/take832/n/n5ef9eaa7c393,152,25,1,
2026-05-08,2025-12-28,"""税収＝増税""の誤解を解く。名目GDPと税収から見える日本財政の希望",https://note.com/take832/n/n8b493bb155b4,152,22,0,
2026-05-08,2025-12-31,『株式アクティブファンドから156兆円流出』の意味,https://note.com/take832/n/n4911aa435b16,142,14,3,
2026-05-08,2026-01-06,投資小説：『波に生きる』(3)…「波の天井で人は踊る」,https://note.com/take832/n/n32337922443d,141,13,0,
2026-05-08,2025-11-17,GPIFの外国株投資と、『オルカン』の違い～複数のパッシブに投資することで、超過リターン＆費用削減～,https://note.com/take832/n/n9e2e9d078478,139,13,0,
2026-05-08,2025-11-13,GPIFはどの運用会社を推しているか：国内株・アクティブファンド編,https://note.com/take832/n/n8e4d08973b18,138,4,0,
2026-05-08,2025-11-03,株式、FXではなぜ、利食い、損切りを決める必要があるか,https://note.com/take832/n/nfaba6a6f5b5f,136,9,0,
2026-05-08,2025-11-08,GPIF、日本株・外株で14兆円の儲け：2025年7～9月,https://note.com/take832/n/nfc7f0af9ce92,134,15,0,
2026-05-08,2025-11-02,PERとチャート、どっちを見ればいい？初心者向け・株を買うタイミングの基本,https://note.com/take832/n/n256941ede40d,131,10,0,
2026-05-08,2025-11-15,1年で5円近く円高にならないと、ドル売り円買いは負ける件…FXのスワップポイントの計算方法,https://note.com/take832/n/n27965023e39a,131,10,0,
2026-05-08,2025-11-07,為替ヘッジ付き外債ファンドを買ってはいけない理由,https://note.com/take832/n/n325dd412227d,124,7,0,
2026-05-08,2025-12-29,経済成長すると、財政が急激に改善する理由…いわゆる税収弾性値について,https://note.com/take832/n/na869cb21e420,123,21,0,
2026-05-08,2025-11-16,米国のインフレ率の先行きを知る方法：インフレスワップ,https://note.com/take832/n/n909b0a4fa13f,114,7,0,
2026-05-08,2025-11-11,各社が円高予想を撤回。その2つの理由と、投資のヒント,https://note.com/take832/n/n33f582b710d2,113,12,0,
2026-05-08,2025-10-31,【要注意！】株やFXの「織り込み済み」は危険な考え方,https://note.com/take832/n/nd4ec92103610,111,6,0,
2026-05-08,2025-11-10,GPIFの資産運用は定食派か、シェフ料理派か,https://note.com/take832/n/nf450d82ad3fa,111,8,0,
2026-05-08,2025-11-09,GPIFの資産配分から、株や為替を予想する方法,https://note.com/take832/n/nab61609050cb,110,8,0,
2026-05-08,2025-10-18,【初心者向け】最近よく聞く「ブルファンド」って何？,https://note.com/take832/n/n118d3ff45334,91,5,0,
2026-05-08,2025-10-18,【株式投資】「なぜブルファンドを長期保有すると損するか」について、世界一分かりやすく解説,https://note.com/take832/n/nbf1fa4509f44,82,4,1,
2026-05-08,2025-10-16,"株とFX、どっちが安全？""ゲームの性質""から見る正しい選び方",https://note.com/take832/n/n183f4af9b8c3,78,6,0,
2026-05-08,2026-02-10,【独自試算】スマホを使うだけで円安に？Google・Appleへの「デジタル赤字」は年●円の円安効果,https://note.com/take832/n/nbe0630134e5b,69,8,1,
2026-05-08,2025-10-21,「日銀はどこまで利上げするのか？」をわかりやすく解説...高田委員講演(10/20)と日銀論文からの考察,https://note.com/take832/n/n467267c5af8a,66,4,0,
2026-05-08,2025-10-20,【債券】10年債は5年後に売却が最適？【エクセル付き】,https://note.com/take832/n/nfd54a9db7530,63,3,0,
2026-05-08,2026-01-15,投資小説：全財産をS&P500に突っ込んだ僕が、やっと気づいたこと(10)最終話,https://note.com/take832/n/n834541863bd1,60,3,0,
2026-05-08,2025-10-18,【株式投資】ブルファンドが抱える、2つの致命的な問題点,https://note.com/take832/n/n61d78820722a,59,3,0,
2026-05-08,2025-10-19,【エクセル付き】利回りが上昇すると債券価格が下がる理由,https://note.com/take832/n/n91bfe1e67e36,59,5,0,
2026-05-08,2025-10-26,サルでもわかる、日経平均が何万円まで上昇するかを計算する方法,https://note.com/take832/n/n3c536d40590a,56,4,0,
2026-05-08,2025-10-29,"インフレが続く今こそ、""強い会社""に注目しよう",https://note.com/take832/n/n4e628ac491cd,50,8,0,
2026-05-08,2025-10-24,"【コバンザメ戦略】日本株で勝ちたいなら、海外勢の""買いサイン""を見逃すな！",https://note.com/take832/n/n1313b9994d0c,48,5,0,
2026-05-08,2025-10-22,"【債券・投資信託】価格、利子、手数料まで考えた、債券の""売り時""",https://note.com/take832/n/n9598361d39f4,46,3,0,
2026-05-08,2025-10-29,『過熱感乏しい円売り』（日経朝刊、2025/10/29)について…金利差とドル円に関する考察,https://note.com/take832/n/n1f2cf3415e87,46,3,0,
2026-05-08,2025-10-18,【株式投資】なぜ、『増収増益』企業の株を買うべきか　＆　その落とし穴,https://note.com/take832/n/n36756e180697,45,3,0,
2026-05-08,2026-02-13,黒田バズーカの「攻め」と、2015年の「守り」への転換｜データで追う日銀政策の軌跡 (1),https://note.com/take832/n/nc0279c453c42,40,6,0,
2026-05-08,2025-10-27,【クイズ】日経平均、個別株、FX、どれが1番簡単？,https://note.com/take832/n/n56cca9fea4b7,39,4,0,
2026-05-08,2025-10-28,専門家の株価予想が当たらない理由,https://note.com/take832/n/n480e1aeb47de,38,4,0,
2026-05-08,2025-10-25,【検証データあり】たった3円の円高で退場！？高レバレッジでのFX投資のリスク,https://note.com/take832/n/n51a0a68da67d,35,5,0,
2026-05-08,,日銀って何？「銀行の銀行」ではニュースは理解できない,https://note.com/take832/n/n0f7ea0f0a8cd,1,0,0,
