key,文字数
n26bc467c9822,2794
na2e615afb974,2363
n1a23f5875c45,3770
n34288aad9db3,399
n3e8e88d4cc3b,2432
n14529a3be358,2453
nf2ad7f2f5a54,2345
nc3703adbb572,2483
nf20f86e727f9,2356
n3b149f94002b,7066
n4c2a5379bb37,2696
n0bba082203d2,2610
n97f583b7e573,1851
n8c513e26311d,1964
n9da3a5889191,2320
n0c0bf3283f0c,1963
n9ab8c8a0e2e2,3204
nd738c931db03,1601
nc3d6e2099d83,2797
n692caa876d16,2089
na4f72767ed4c,1869
n01c325a751f4,1494
ndef19e59078a,2113
n70a5e6e92764,1897
nb03df1e6c8a9,1479
nf37ba843b03d,2406
na070f9bac8ae,788
n041ccac187b1,1561
n4d9c3656d6b8,1817
n82fbd230b6fb,1852
ne4a96bafa332,2121
n2cd2cb338865,2233
n988bd0e9bbeb,2052
nea3e9588e461,1839
n28c0e3c1be6e,2736
n5b9868b7fdd9,2015
nb8e9d501249f,1586
n8c2bce59b161,1559
n09d2f3415202,2385
n0a32d2b37a51,3437
n4f933e76cfab,2651
n8c9e4011a8f5,847
n0a8fb7b4dbc3,1482
n32b2ebc73d87,1716
n2807c9dd3129,2634
na71f42cddc29,4372
n9758e5c07488,2780
ne368a2fa270a,1153
n10250518f9d6,1380
n95691a2cd6aa,236
n5d3a3bd52279,3044
n973d29c2cc43,1883
nde922c97c861,2334
n7d18a6cb8ce4,2458
n94831d3a60b0,3509
nd0566686e466,2272
n14973c9ae226,2626
n071c66bf8f55,2292
n64af61fe42f3,2196
n0c22cb9fb2bf,668
nc5b5aaec0981,3910
n3fc55bfa09cc,1981
n6422b493a19e,2049
nb31b71ccd638,810
nca2689e70d75,2150
n1bd09b9bfc40,977
n7dcb2ec68bac,1576
n8413799b8019,2224
n234c51adf69a,1970
n14591522443c,2294
n28e2bbc8b6ca,2506
n7759e5a45a14,2550
n7ed82133d4e0,1128
nd9a01e269ea0,2486
n78b440f1f0b3,924
n5c2fc4e0ca27,2534
na99e42154a8e,2410
na387e3272a41,2322
nf712b5dce4fb,1218
n375245a688ab,765
nf1b007b91dba,2206
n63afab972559,2775
ned311d320320,2628
n9264aff05550,1061
n6031c9bd84af,1741
n489b13c4565e,1012
na86772c5049d,1912
n663419f2a81c,1079
nc37e6932b151,2168
n63316a98252e,2444
nb6697d5735b0,4186
nc9ed7f9009d9,2680
nc63bf010932b,1278
n9f73bb90d8ba,1870
ndb2dce04911f,1539
ndbd6d785431e,1739
nf9ea5bf3a36a,1343
n0c1211aa4c44,2469
n2c628b109f38,1394
ncd01e8a99a0b,1344
n34946a903441,1737
n953dbf914685,1953
n6e5430497045,2505
nbbfe08fc6710,1489
ncd96cbc2d4ab,2050
n0f34c626a61e,2747
n3204d75b0aac,3176
nf8d25a73ab01,1423
n1c97f1b557cc,1164
n025360e32ef2,594
n37d480c3d1de,1586
n0143740a4315,1661
na1a89803c065,2268
nf49040957bd9,636
n1c40a3ac4290,1040
n74def6302f10,1517
n8c33e9fda1bf,1849
n11cbb2614f6e,1876
n87b2cf899d98,1492
n983893a5d7da,600
nb83401b66c47,2339
n945f33dbf069,1543
nc8a2afda8daa,1529
nbf3422d0d21a,2409
ndea392e524f4,1753
n88a29bda01b2,1918
nc88139d51f44,2303
na9e17a4335c5,2227
n777201c0c845,3517
n1a7b93457e3b,1682
n831fdea6eab1,1912
nc02bca79ea49,2904
ne8f88117aaa7,700
nf4bea78e1e64,1207
n3c1dc1cffb91,1349
n3dc519673a57,1460
ne18fca97bc9a,1204
n2714851d1c65,3174
n3403bc271673,1828
n0b7c975ca93e,1589
n7b05400743b2,589
n4a764cf089b7,1418
n9bdfd45aeb3f,3079
n670e9f7d076e,1296
nbc0c70f1c70d,855
n7df16ea63ac0,1422
na06134cef2ba,1996
nfbd7579250cd,773
nd0f29febc99f,1566
n80a8213e4610,1174
n760a310a6ac8,2813
n1b7e5c19ce17,4077
n51d2886688a4,4211
nda9ef0d4a4be,1622
n3e826c2a52e7,3034
nfe7254053960,1250
nc80d7c29b99f,1127
n1775a02df633,1780
n61bb268ac1ab,1035
n5b299520457d,467
n6f9348868d17,1442
n38a4e0941d8f,742
ne7cd367c3d9a,1864
n682ed8cc69fc,1386
n9ff04429d54a,1391
n05b6565356ff,1580
n991d47598777,1801
nb7814773593a,1495
n1f0c88d90ef1,791
n71a2f482acd7,2485
nb3776ce72fb0,3048
n3ab2c806d7ac,3633
n8b9a3fae393b,667
nd8e9bb459810,1263
n62448550ba7e,1051
n5db39304b2c3,1539
n812a7a651e25,1880
n67224931759a,2233
nef953a48adbf,1692
nda68926d29ac,941
n72f96bc413bd,1103
n8bcbadf808a6,1701
n1deb90f00507,2464
n65860e96555f,912
n414defbc853a,2429
n9d2eb5c89afe,2772
n8ad29f2fae0b,1886
n5ef9eaa7c393,1717
n8b493bb155b4,1766
n4911aa435b16,1207
n32337922443d,1227
n9e2e9d078478,792
n8e4d08973b18,1412
nfaba6a6f5b5f,2017
nfc7f0af9ce92,591
n256941ede40d,2638
n27965023e39a,1419
n325dd412227d,2790
na869cb21e420,1141
n909b0a4fa13f,2085
n33f582b710d2,1890
nd4ec92103610,870
nf450d82ad3fa,2987
nab61609050cb,2102
n118d3ff45334,1524
nbf1fa4509f44,1588
n183f4af9b8c3,1730
nbe0630134e5b,2535
n467267c5af8a,2013
nfd54a9db7530,1505
n834541863bd1,1407
n61d78820722a,1163
n91bfe1e67e36,1593
n3c536d40590a,707
n4e628ac491cd,920
n1313b9994d0c,2331
n9598361d39f4,1187
n1f2cf3415e87,637
n36756e180697,1813
nc0279c453c42,1606
n56cca9fea4b7,1419
n480e1aeb47de,221
n51a0a68da67d,2104
n0f7ea0f0a8cd,1436
na4b416190b87,2462
n3ed4bdca7c2e,2500
n3946623b59de,3335
n71d981d8bec0,1987
n11c8cf70adac,2527
nf86e7de11b8f,2577
n96a344425fc0,2550
nba534bfa953c,3039
nf84e3de90dd0,3226
na5da74d81c12,2967
n1a86f0cc78e4,2279
n553795b1c918,2672
n193eb5f5f530,1767
nf635631869bd,2592
n74eb3344e6c3,2681
nb5c799111be2,2551
n82e5294e2433,2533
n3632d1695179,1929
